exp_id,action,process,location,state,parts,objects
Qwen2_5_70B_f16_480x854,0.7730243612596553,0.7298288508557457,0.6140559857057772,0.711340206185567,0.6121696373693916,0.7349808509503982
